               epoch,      train/box_loss,      train/obj_loss,      train/cls_loss,   metrics/precision,      metrics/recall,     metrics/mAP_0.5,metrics/mAP_0.5:0.95,        val/box_loss,        val/obj_loss,        val/cls_loss,               x/lr0,               x/lr1,               x/lr2
                   0,             0.11339,            0.093778,            0.040216,          3.7538e-05,           0.0043745,           2.438e-05,          4.9649e-06,             0.10503,            0.088763,            0.039452,            0.070492,           0.0032787,           0.0032787
                   1,             0.10418,            0.099594,            0.037563,          0.00027344,           0.0054667,          0.00014975,          4.2677e-05,             0.10196,            0.087132,            0.038377,            0.040472,           0.0065922,           0.0065922
                   2,            0.094329,             0.10088,            0.030562,             0.66962,           0.0044971,          0.00078436,          0.00022237,             0.10294,             0.12045,            0.033311,            0.010432,           0.0098857,           0.0098857
                   3,            0.087261,            0.095614,            0.027718,             0.84532,            0.018998,           0.0083294,           0.0021614,            0.088405,             0.08972,            0.026757,             0.00991,             0.00991,             0.00991
                   4,            0.081588,            0.087531,            0.025538,             0.34945,           0.0097742,           0.0073513,           0.0019765,            0.090561,            0.099861,             0.02636,             0.00991,             0.00991,             0.00991
                   5,            0.073816,             0.07981,            0.024149,             0.52025,            0.024929,           0.0073215,           0.0025411,             0.09061,             0.11638,            0.027921,             0.00988,             0.00988,             0.00988
                   6,            0.068437,            0.073375,            0.022727,             0.77252,           0.0094071,           0.0094012,           0.0027379,            0.090792,            0.096968,            0.027621,             0.00985,             0.00985,             0.00985
                   7,            0.062482,            0.068184,            0.021365,             0.55101,            0.034335,            0.028772,            0.011032,            0.088359,             0.09944,             0.02657,             0.00982,             0.00982,             0.00982
                   8,            0.058909,            0.064949,            0.020489,             0.53218,             0.11075,            0.086228,            0.037667,             0.06889,            0.097508,             0.02275,             0.00979,             0.00979,             0.00979
                   9,            0.055481,            0.062172,            0.019401,             0.59179,             0.19389,             0.16925,            0.080522,            0.070972,            0.080283,            0.021455,             0.00976,             0.00976,             0.00976
                  10,            0.053395,             0.05925,             0.01859,             0.27926,            0.054916,            0.077644,            0.035499,            0.075171,             0.12178,            0.023474,             0.00973,             0.00973,             0.00973
                  11,            0.050522,            0.057324,            0.017908,             0.55152,             0.30841,             0.26408,             0.13356,            0.056732,            0.068657,             0.01849,              0.0097,              0.0097,              0.0097
                  12,            0.049061,            0.054723,            0.017237,             0.79135,              0.1151,             0.13113,            0.057865,            0.072017,            0.099983,            0.021626,             0.00967,             0.00967,             0.00967
                  13,            0.047916,            0.051509,            0.016878,             0.73928,             0.04221,            0.045557,             0.01727,            0.077764,             0.10941,            0.027145,             0.00964,             0.00964,             0.00964
                  14,            0.045939,            0.049673,            0.016229,             0.23403,             0.12452,            0.097718,            0.039924,            0.076015,             0.10929,            0.024767,             0.00961,             0.00961,             0.00961
                  15,            0.044128,            0.048567,            0.015609,             0.58711,             0.34431,             0.32841,             0.19093,            0.052275,            0.069214,            0.016663,             0.00958,             0.00958,             0.00958
                  16,            0.044911,            0.046519,            0.015313,             0.26689,             0.27628,             0.22594,             0.11423,             0.06027,            0.078817,             0.01943,             0.00955,             0.00955,             0.00955
                  17,            0.043051,            0.045402,            0.015069,             0.46942,              0.2481,             0.22873,             0.10594,            0.068001,            0.083627,            0.018879,             0.00952,             0.00952,             0.00952
                  18,            0.041923,             0.04365,            0.014569,              0.5095,             0.29846,             0.27562,             0.12123,            0.065408,            0.076561,            0.018798,             0.00949,             0.00949,             0.00949
                  19,            0.040205,            0.042769,            0.014175,            0.048055,            0.082276,             0.04472,             0.02027,             0.08677,             0.12564,            0.030794,             0.00946,             0.00946,             0.00946
                  20,            0.040155,            0.040812,            0.013913,             0.70357,             0.41562,             0.45654,             0.26535,             0.04613,            0.059992,             0.01431,             0.00943,             0.00943,             0.00943
                  21,            0.039736,            0.039646,            0.013634,             0.43747,             0.25233,             0.25003,             0.13446,            0.061325,             0.08716,            0.018895,              0.0094,              0.0094,              0.0094
                  22,            0.038369,            0.038983,            0.013477,              0.4496,              0.3696,             0.36929,             0.21179,            0.051968,            0.079753,            0.015473,             0.00937,             0.00937,             0.00937
                  23,            0.038599,            0.037646,            0.012918,             0.47287,             0.25731,             0.27463,             0.14139,            0.058589,            0.088934,            0.017001,             0.00934,             0.00934,             0.00934
                  24,            0.036729,            0.037033,            0.012637,             0.66132,              0.4126,             0.45813,             0.24857,            0.050377,            0.071769,            0.014769,             0.00931,             0.00931,             0.00931
                  25,            0.037526,            0.036454,             0.01223,             0.60213,             0.44915,             0.44653,             0.25609,            0.049744,            0.075551,            0.014489,             0.00928,             0.00928,             0.00928
                  26,             0.03649,             0.03567,            0.011993,             0.53189,             0.19493,             0.19306,            0.087561,            0.073723,            0.098399,            0.019809,             0.00925,             0.00925,             0.00925
                  27,             0.03653,            0.036221,            0.011756,             0.39558,             0.34699,             0.31953,             0.17585,            0.055346,            0.078126,            0.016072,             0.00922,             0.00922,             0.00922
                  28,            0.034569,             0.03458,            0.011429,             0.58785,             0.43973,             0.44927,             0.25859,            0.049564,             0.07172,            0.014209,             0.00919,             0.00919,             0.00919
                  29,            0.035861,            0.033966,            0.011263,             0.49062,             0.33654,             0.33483,             0.17706,            0.060209,            0.081967,            0.016132,             0.00916,             0.00916,             0.00916
                  30,             0.03474,            0.033058,             0.01067,             0.63714,             0.41974,              0.4501,             0.26932,            0.049323,            0.070151,            0.013863,             0.00913,             0.00913,             0.00913
                  31,            0.034192,            0.032556,            0.010853,             0.35627,             0.43885,             0.38843,             0.21609,            0.051507,             0.07696,            0.014385,              0.0091,              0.0091,              0.0091
                  32,             0.03347,            0.032005,            0.010524,             0.63252,             0.48244,             0.48078,             0.29009,            0.047498,            0.068842,            0.013174,             0.00907,             0.00907,             0.00907
                  33,            0.033457,            0.031609,            0.010349,             0.52481,              0.3159,             0.31244,             0.17767,            0.055392,            0.088544,            0.015762,             0.00904,             0.00904,             0.00904
                  34,              0.0336,            0.031277,            0.010018,             0.60722,             0.55509,             0.55762,             0.35555,            0.043545,            0.063021,            0.012143,             0.00901,             0.00901,             0.00901
                  35,             0.03342,            0.030704,            0.010029,              0.6156,             0.36096,             0.40333,             0.23863,            0.050072,            0.080175,            0.015024,             0.00898,             0.00898,             0.00898
                  36,            0.033003,            0.029876,           0.0098634,             0.59152,             0.40004,             0.40144,             0.23973,            0.052474,            0.079857,            0.014394,             0.00895,             0.00895,             0.00895
                  37,            0.032136,            0.029506,           0.0096374,             0.30268,             0.28803,             0.27395,             0.15143,            0.059538,            0.094877,            0.018071,             0.00892,             0.00892,             0.00892
                  38,            0.031745,            0.029765,           0.0095084,             0.66602,             0.42278,             0.45497,             0.27942,            0.048703,            0.074613,            0.013521,             0.00889,             0.00889,             0.00889
                  39,            0.031603,            0.028512,           0.0093673,             0.59032,             0.36112,             0.37432,             0.22305,            0.053939,            0.082683,            0.016294,             0.00886,             0.00886,             0.00886
                  40,            0.030737,              0.0287,           0.0092119,             0.56652,             0.26085,             0.25308,             0.12886,            0.065558,            0.096232,            0.018468,             0.00883,             0.00883,             0.00883
                  41,            0.030672,            0.028617,           0.0089311,             0.25743,             0.21881,             0.19065,            0.095757,             0.06827,             0.10689,            0.022269,              0.0088,              0.0088,              0.0088
                  42,            0.030048,             0.02845,           0.0088275,             0.50864,             0.54674,             0.54535,             0.35734,            0.044773,            0.070506,            0.012411,             0.00877,             0.00877,             0.00877
                  43,             0.03056,            0.027399,           0.0087214,             0.46727,             0.40943,             0.40591,             0.23977,            0.051711,            0.084503,            0.014263,             0.00874,             0.00874,             0.00874
                  44,            0.029293,            0.027524,           0.0085799,             0.33234,             0.34336,             0.31807,              0.1807,            0.057202,            0.092962,            0.015908,             0.00871,             0.00871,             0.00871
                  45,             0.02976,            0.027293,           0.0084902,             0.42443,             0.49504,             0.47561,             0.27952,            0.050953,            0.078432,            0.013412,             0.00868,             0.00868,             0.00868
                  46,            0.029741,            0.027115,           0.0083447,             0.44809,             0.26307,             0.24594,             0.12246,            0.068001,             0.10751,            0.018907,             0.00865,             0.00865,             0.00865
                  47,             0.02922,            0.026215,           0.0081586,             0.31396,              0.2716,             0.24877,             0.13191,            0.063272,             0.10336,            0.019549,             0.00862,             0.00862,             0.00862
                  48,            0.029262,            0.026355,           0.0081545,             0.41199,             0.44008,             0.42422,             0.24974,            0.051809,            0.080858,            0.014709,             0.00859,             0.00859,             0.00859
                  49,            0.029545,            0.025696,           0.0080343,             0.42953,             0.39244,             0.36748,             0.20837,            0.056203,            0.087842,            0.016055,             0.00856,             0.00856,             0.00856
                  50,            0.028887,            0.025399,           0.0078987,              0.3008,             0.26888,             0.23904,              0.1287,            0.060915,             0.10811,            0.021466,             0.00853,             0.00853,             0.00853
                  51,            0.028627,            0.025826,           0.0077789,             0.47372,             0.36921,              0.3785,             0.23378,            0.052701,             0.09372,            0.014396,              0.0085,              0.0085,              0.0085
                  52,            0.028542,              0.0253,           0.0076283,             0.50762,             0.51777,             0.51326,             0.32282,            0.047149,            0.081442,            0.012831,             0.00847,             0.00847,             0.00847
                  53,            0.027666,            0.024471,           0.0074151,             0.51038,             0.47251,             0.48248,             0.29331,            0.047712,            0.082966,            0.012933,             0.00844,             0.00844,             0.00844
                  54,             0.02784,            0.025233,           0.0075137,             0.52613,              0.5307,             0.53438,             0.33758,            0.045896,            0.078921,            0.012154,             0.00841,             0.00841,             0.00841
                  55,            0.027455,            0.023672,           0.0071978,             0.21615,             0.16054,             0.13385,            0.064594,            0.072055,             0.12364,              0.0245,             0.00838,             0.00838,             0.00838
                  56,              0.0272,             0.02375,           0.0071759,             0.58463,             0.62641,             0.62183,             0.40938,            0.043776,            0.074737,             0.01132,             0.00835,             0.00835,             0.00835
                  57,            0.027588,            0.023653,           0.0072438,             0.51699,             0.48633,             0.52222,             0.31706,            0.046743,            0.077442,            0.013128,             0.00832,             0.00832,             0.00832
                  58,             0.02727,            0.023604,           0.0070163,             0.32332,             0.23468,             0.21785,             0.11443,            0.063738,             0.11501,            0.020783,             0.00829,             0.00829,             0.00829
                  59,            0.026957,            0.023439,           0.0068933,             0.70724,             0.61207,             0.67975,             0.45553,            0.041162,            0.069711,            0.010225,             0.00826,             0.00826,             0.00826
                  60,            0.027026,            0.023944,           0.0069368,             0.46017,             0.35865,             0.36338,                0.22,            0.053292,            0.099328,            0.014281,             0.00823,             0.00823,             0.00823
                  61,            0.027116,            0.023237,           0.0067777,             0.58849,             0.60856,             0.63044,             0.40114,            0.045983,            0.075848,            0.011268,              0.0082,              0.0082,              0.0082
                  62,            0.026588,            0.023043,           0.0066714,               0.394,             0.30359,             0.29418,             0.17617,            0.055972,             0.10639,            0.015551,             0.00817,             0.00817,             0.00817
                  63,            0.026512,            0.022689,           0.0065809,             0.55999,             0.54671,              0.5637,             0.36337,            0.045494,            0.080925,            0.011971,             0.00814,             0.00814,             0.00814
                  64,            0.026411,            0.022608,             0.00642,             0.54618,             0.39412,             0.40648,             0.24226,            0.054446,            0.096099,            0.014997,             0.00811,             0.00811,             0.00811
                  65,            0.025219,            0.021866,           0.0063825,             0.57724,             0.53713,             0.55234,             0.36068,            0.045579,            0.083504,            0.011964,             0.00808,             0.00808,             0.00808
                  66,            0.026137,            0.022858,           0.0063113,             0.66434,             0.64997,              0.6878,             0.46826,            0.041548,            0.072198,            0.010195,             0.00805,             0.00805,             0.00805
                  67,            0.025669,            0.022026,           0.0061982,             0.65471,             0.64504,             0.70419,             0.47928,            0.041005,            0.071607,           0.0097484,             0.00802,             0.00802,             0.00802
                  68,            0.025528,            0.022163,           0.0061704,             0.65321,             0.60962,             0.65582,             0.43054,            0.042962,            0.076915,            0.010983,             0.00799,             0.00799,             0.00799
                  69,            0.025459,            0.021734,           0.0061157,             0.61051,             0.58019,             0.61608,             0.40111,            0.045251,            0.081487,            0.011533,             0.00796,             0.00796,             0.00796
                  70,            0.025031,            0.022032,           0.0059388,             0.44671,             0.33162,             0.32818,             0.19532,            0.055889,             0.10874,             0.01512,             0.00793,             0.00793,             0.00793
                  71,            0.024427,            0.021184,           0.0058688,              0.4855,             0.40046,              0.4117,             0.25046,            0.051596,            0.095178,             0.01365,              0.0079,              0.0079,              0.0079
                  72,             0.02552,            0.021951,           0.0058196,             0.47252,              0.4308,             0.42277,              0.2538,            0.052459,            0.091844,            0.015394,             0.00787,             0.00787,             0.00787
                  73,            0.024458,             0.02131,            0.005733,             0.57488,             0.49939,             0.52732,             0.33436,            0.046507,            0.085966,            0.012318,             0.00784,             0.00784,             0.00784
                  74,            0.024605,            0.021239,           0.0056751,              0.2614,             0.18401,             0.16555,            0.085573,            0.065947,             0.12684,            0.023788,             0.00781,             0.00781,             0.00781
                  75,            0.024857,            0.021146,           0.0056035,             0.53119,             0.46344,               0.489,             0.29742,            0.050162,            0.089332,            0.014016,             0.00778,             0.00778,             0.00778
                  76,            0.024519,            0.020608,           0.0054456,             0.43206,             0.41892,             0.39899,             0.23133,            0.052646,            0.096138,            0.016718,             0.00775,             0.00775,             0.00775
                  77,            0.024182,            0.020729,             0.00543,             0.61856,             0.59695,             0.61848,              0.4058,             0.04401,            0.081139,            0.011008,             0.00772,             0.00772,             0.00772
                  78,            0.024014,            0.019978,           0.0052718,             0.60243,             0.54997,              0.5664,             0.37227,            0.047211,            0.085141,            0.012518,             0.00769,             0.00769,             0.00769
                  79,            0.024062,            0.020038,           0.0053629,             0.60408,             0.46331,             0.47296,             0.28827,            0.052196,            0.093171,            0.013809,             0.00766,             0.00766,             0.00766
                  80,            0.023476,            0.020632,            0.005187,             0.71877,             0.65043,             0.70076,              0.4628,            0.043623,            0.080642,            0.010333,             0.00763,             0.00763,             0.00763
                  81,            0.024035,            0.020245,           0.0051348,             0.67733,              0.6619,             0.69456,             0.47007,            0.042184,            0.077754,            0.010127,              0.0076,              0.0076,              0.0076
                  82,            0.023421,            0.020253,           0.0051512,              0.7036,             0.65597,             0.70921,             0.48039,            0.041819,            0.074672,            0.010029,             0.00757,             0.00757,             0.00757
                  83,            0.023622,            0.020161,           0.0051166,             0.45687,             0.50661,             0.47757,             0.28444,            0.052489,            0.093769,            0.013845,             0.00754,             0.00754,             0.00754
                  84,            0.023713,             0.01989,           0.0050339,             0.74103,             0.69623,             0.73639,             0.51003,             0.04074,            0.076384,           0.0094693,             0.00751,             0.00751,             0.00751
                  85,            0.023491,            0.019846,           0.0049857,             0.49752,             0.39259,             0.39248,              0.2449,            0.052432,             0.10242,            0.014153,             0.00748,             0.00748,             0.00748
                  86,            0.022985,            0.019843,           0.0048524,             0.34789,              0.3002,             0.26328,             0.14677,              0.0588,             0.11885,            0.019356,             0.00745,             0.00745,             0.00745
                  87,            0.022796,            0.019625,           0.0048151,             0.57248,             0.39816,             0.40152,             0.23377,            0.056536,             0.10201,            0.015374,             0.00742,             0.00742,             0.00742
                  88,            0.023123,            0.020131,           0.0048029,             0.64294,             0.55994,             0.59648,             0.39282,            0.045187,             0.08746,            0.011308,             0.00739,             0.00739,             0.00739
                  89,            0.022979,            0.019291,           0.0046923,               0.542,             0.53279,             0.53782,              0.3388,            0.046361,            0.082926,            0.012915,             0.00736,             0.00736,             0.00736
                  90,            0.022897,            0.018986,           0.0047291,             0.45154,             0.36507,             0.37347,             0.23283,            0.053387,              0.1073,            0.014567,             0.00733,             0.00733,             0.00733
                  91,            0.022711,            0.019015,           0.0045786,             0.46499,             0.31687,             0.32657,             0.18906,            0.056409,             0.10952,            0.018808,              0.0073,              0.0073,              0.0073
                  92,            0.022563,            0.018746,           0.0045168,             0.67642,              0.5811,             0.62666,             0.41599,             0.04472,            0.087182,            0.010926,             0.00727,             0.00727,             0.00727
                  93,            0.023048,            0.019394,           0.0046335,             0.54293,             0.41848,             0.41862,             0.25448,            0.054937,             0.10063,            0.014624,             0.00724,             0.00724,             0.00724
                  94,            0.022558,            0.018903,           0.0044986,              0.5259,             0.31087,             0.33884,             0.20006,            0.055274,             0.10907,            0.016892,             0.00721,             0.00721,             0.00721
                  95,            0.022474,            0.018636,           0.0043644,             0.62263,             0.58559,             0.59382,              0.3858,            0.046266,            0.081827,            0.011549,             0.00718,             0.00718,             0.00718
                  96,            0.022695,            0.019008,           0.0043955,             0.33767,             0.25774,             0.25147,             0.14467,            0.060403,             0.12416,             0.01726,             0.00715,             0.00715,             0.00715
                  97,            0.021872,            0.018506,           0.0043575,             0.57727,             0.52644,             0.55434,             0.34497,             0.04734,             0.08726,            0.012767,             0.00712,             0.00712,             0.00712
                  98,            0.022038,            0.018832,           0.0043637,             0.52525,             0.39275,             0.40847,             0.25755,            0.051396,             0.10339,            0.013788,             0.00709,             0.00709,             0.00709
                  99,            0.021401,            0.017983,           0.0041999,             0.70993,             0.57751,             0.61474,             0.40278,             0.04703,             0.08475,            0.011521,             0.00706,             0.00706,             0.00706
                 100,            0.021765,            0.018072,            0.004212,             0.52925,             0.38262,             0.39696,             0.24532,            0.052787,             0.10491,            0.016348,             0.00703,             0.00703,             0.00703
                 101,            0.021579,            0.018166,           0.0041212,             0.74439,             0.66591,             0.70162,             0.48712,            0.042561,            0.081125,           0.0098686,               0.007,               0.007,               0.007
                 102,            0.021589,            0.017798,           0.0041078,             0.84401,             0.72478,             0.78212,             0.55283,            0.039931,            0.074969,           0.0086615,             0.00697,             0.00697,             0.00697
                 103,            0.020996,              0.0174,           0.0040487,             0.79839,             0.66536,              0.7381,              0.5134,            0.041429,            0.079592,           0.0094288,             0.00694,             0.00694,             0.00694
                 104,            0.020957,            0.017792,           0.0040836,             0.77727,             0.63439,             0.70392,             0.48018,            0.042322,            0.080926,           0.0099078,             0.00691,             0.00691,             0.00691
                 105,            0.021073,            0.017877,           0.0039339,             0.63111,             0.53199,             0.58544,             0.37191,            0.048828,            0.090151,            0.012559,             0.00688,             0.00688,             0.00688
                 106,             0.02111,            0.017581,           0.0039268,             0.82472,             0.67546,             0.74297,             0.52053,            0.041396,            0.078091,           0.0091585,             0.00685,             0.00685,             0.00685
                 107,            0.021458,            0.018313,           0.0039514,             0.76449,             0.66401,             0.71676,             0.48851,            0.042401,            0.079072,            0.010109,             0.00682,             0.00682,             0.00682
                 108,             0.02164,            0.018274,           0.0038786,             0.80945,             0.68903,             0.75355,             0.53197,            0.041114,            0.079244,           0.0089234,             0.00679,             0.00679,             0.00679
                 109,            0.020598,            0.017095,           0.0038056,             0.68703,             0.56293,             0.61345,             0.41656,            0.044385,            0.088665,             0.01092,             0.00676,             0.00676,             0.00676
                 110,            0.020734,            0.017013,           0.0037501,             0.79452,             0.65048,             0.70761,             0.49089,            0.042503,            0.082985,           0.0096057,             0.00673,             0.00673,             0.00673
                 111,            0.020799,             0.01771,           0.0037356,             0.77209,             0.65772,             0.71473,             0.49503,            0.042016,            0.082349,           0.0094914,              0.0067,              0.0067,              0.0067
                 112,            0.020312,            0.017045,           0.0037009,             0.69338,             0.54441,             0.58534,             0.39132,             0.04735,            0.088862,            0.012249,             0.00667,             0.00667,             0.00667
                 113,            0.020563,            0.017086,           0.0035872,             0.68303,             0.54103,             0.60309,             0.38412,            0.048823,            0.093066,            0.011737,             0.00664,             0.00664,             0.00664
                 114,            0.020543,            0.017174,           0.0036607,              0.5956,             0.40745,             0.43898,             0.27795,            0.051139,             0.10073,            0.015378,             0.00661,             0.00661,             0.00661
                 115,            0.020156,            0.016664,           0.0035236,             0.73525,             0.57234,             0.62597,             0.42544,            0.043983,            0.088523,            0.010627,             0.00658,             0.00658,             0.00658
                 116,             0.01995,            0.016482,           0.0034926,             0.86655,             0.70818,             0.77811,             0.55171,            0.040076,            0.078149,           0.0083366,             0.00655,             0.00655,             0.00655
                 117,            0.020131,            0.017058,            0.003478,             0.61939,             0.47741,             0.52219,             0.31935,            0.050379,            0.096003,            0.013808,             0.00652,             0.00652,             0.00652
                 118,            0.019745,             0.01649,           0.0034247,             0.76788,             0.57468,             0.63609,             0.42891,            0.044289,            0.087779,            0.010607,             0.00649,             0.00649,             0.00649
                 119,            0.020014,            0.016705,           0.0034374,             0.56753,             0.38154,             0.40946,             0.24346,            0.053543,             0.10491,            0.016116,             0.00646,             0.00646,             0.00646
                 120,            0.020107,              0.0168,           0.0034132,             0.28749,            0.079416,            0.082174,            0.039575,            0.079286,             0.17357,            0.024917,             0.00643,             0.00643,             0.00643
                 121,            0.019606,            0.016314,           0.0033233,             0.46168,             0.32601,              0.3333,             0.18793,            0.056272,             0.11418,            0.016962,              0.0064,              0.0064,              0.0064
                 122,            0.019676,            0.016507,           0.0032953,             0.66949,             0.51528,             0.55301,             0.35457,            0.049673,            0.093255,            0.012989,             0.00637,             0.00637,             0.00637
                 123,            0.019797,            0.016379,           0.0032594,             0.70797,             0.63448,             0.67092,             0.45789,            0.044185,            0.087873,           0.0099806,             0.00634,             0.00634,             0.00634
                 124,            0.019572,            0.016287,           0.0032382,              0.7472,             0.55803,             0.61328,             0.40643,            0.043917,            0.085145,            0.012107,             0.00631,             0.00631,             0.00631
                 125,             0.01972,            0.016615,           0.0032533,             0.81011,             0.65219,              0.7151,             0.49663,            0.042114,            0.084718,           0.0094082,             0.00628,             0.00628,             0.00628
                 126,            0.019372,            0.016005,           0.0031424,             0.73203,             0.57508,             0.63696,             0.41825,            0.044724,            0.086111,            0.011316,             0.00625,             0.00625,             0.00625
                 127,            0.019422,            0.016192,           0.0031423,             0.87996,             0.68008,             0.76619,              0.5412,            0.040644,            0.080457,           0.0085606,             0.00622,             0.00622,             0.00622
                 128,            0.018658,            0.015581,           0.0030583,             0.84819,             0.73538,             0.79373,             0.57132,             0.03889,             0.07833,           0.0077796,             0.00619,             0.00619,             0.00619
                 129,             0.01954,            0.016266,           0.0030833,             0.87382,             0.67696,             0.75544,             0.53541,            0.040934,             0.08177,           0.0088443,             0.00616,             0.00616,             0.00616
                 130,            0.019177,            0.016102,           0.0030794,             0.72476,             0.51661,             0.58519,             0.37267,            0.046475,            0.090159,            0.013196,             0.00613,             0.00613,             0.00613
                 131,            0.019001,            0.015903,           0.0029767,             0.81991,             0.66909,             0.71785,             0.49796,            0.042981,            0.081699,           0.0096588,              0.0061,              0.0061,              0.0061
                 132,            0.019087,            0.015977,           0.0030089,             0.61377,             0.45955,              0.4906,             0.29732,            0.049376,            0.097586,            0.014942,             0.00607,             0.00607,             0.00607
                 133,            0.018944,            0.016051,           0.0029706,             0.84507,             0.62638,             0.72349,              0.5013,             0.04188,            0.084941,           0.0094721,             0.00604,             0.00604,             0.00604
                 134,            0.018725,            0.015777,           0.0029499,             0.77134,             0.63842,             0.69294,             0.48039,            0.042838,            0.087743,           0.0098661,             0.00601,             0.00601,             0.00601
                 135,            0.019069,            0.016217,           0.0029157,             0.74682,             0.61832,             0.68575,             0.46564,            0.042208,            0.084372,           0.0097286,             0.00598,             0.00598,             0.00598
                 136,            0.018545,            0.015381,           0.0028441,             0.85463,             0.73989,             0.79742,             0.57267,            0.040007,            0.079915,           0.0080853,             0.00595,             0.00595,             0.00595
                 137,            0.018958,            0.016404,           0.0029049,             0.62537,             0.36684,             0.39957,             0.24172,            0.051998,             0.10429,              0.0165,             0.00592,             0.00592,             0.00592
                 138,            0.018723,            0.015657,            0.002856,             0.79439,             0.58798,             0.66163,             0.45451,            0.043298,            0.088872,             0.01021,             0.00589,             0.00589,             0.00589
                 139,            0.018638,            0.015245,           0.0028168,             0.87572,             0.71318,             0.77971,             0.55545,            0.040175,            0.080464,           0.0084362,             0.00586,             0.00586,             0.00586
                 140,             0.01816,             0.01523,           0.0027771,             0.88381,             0.65625,             0.75268,              0.5297,            0.040972,            0.083429,           0.0087158,             0.00583,             0.00583,             0.00583
                 141,            0.018624,             0.01559,           0.0027657,             0.66483,             0.51008,             0.55374,             0.34493,            0.047971,            0.094186,            0.013359,              0.0058,              0.0058,              0.0058
                 142,            0.018503,            0.015241,           0.0027531,             0.87327,              0.7348,             0.79685,             0.57178,             0.03946,            0.078666,           0.0079599,             0.00577,             0.00577,             0.00577
                 143,            0.017916,            0.015047,           0.0026647,              0.7809,              0.6336,             0.68372,             0.45551,            0.042579,            0.084206,            0.010381,             0.00574,             0.00574,             0.00574
                 144,            0.017981,             0.01499,           0.0026769,             0.80245,             0.61755,             0.69012,              0.4736,             0.04322,            0.088923,            0.010111,             0.00571,             0.00571,             0.00571
                 145,            0.018112,            0.015014,           0.0026763,             0.81543,             0.65007,             0.73139,             0.49384,            0.041451,            0.081808,           0.0097775,             0.00568,             0.00568,             0.00568
                 146,            0.018305,            0.015437,           0.0026829,             0.81571,             0.69151,             0.75323,             0.51952,            0.043099,            0.085276,              0.0091,             0.00565,             0.00565,             0.00565
                 147,            0.018011,            0.014766,           0.0026194,             0.73795,             0.55964,             0.62095,             0.40847,            0.045073,            0.087971,            0.011472,             0.00562,             0.00562,             0.00562
                 148,            0.017748,            0.014728,           0.0026064,             0.84646,             0.74479,             0.79691,             0.58076,            0.039457,            0.080463,            0.007966,             0.00559,             0.00559,             0.00559
                 149,            0.017499,            0.014639,           0.0026051,             0.86464,             0.65698,             0.74681,             0.52134,            0.042708,            0.087844,           0.0090964,             0.00556,             0.00556,             0.00556
                 150,            0.018206,            0.015469,           0.0025726,             0.71522,             0.50622,             0.54332,              0.3437,            0.048379,            0.095561,            0.013484,             0.00553,             0.00553,             0.00553
                 151,             0.01776,            0.014927,           0.0025866,             0.66368,             0.53201,             0.55432,             0.36813,            0.045905,             0.09693,            0.011838,              0.0055,              0.0055,              0.0055
                 152,            0.017437,            0.014642,            0.002498,             0.56868,             0.42987,             0.44255,             0.27337,            0.050754,             0.10438,            0.015178,             0.00547,             0.00547,             0.00547
                 153,             0.01772,            0.014878,           0.0025444,             0.80651,             0.64715,             0.71034,             0.49272,            0.042545,            0.088189,           0.0096297,             0.00544,             0.00544,             0.00544
                 154,            0.017338,            0.014354,           0.0024653,             0.67021,             0.46342,             0.50647,             0.31835,            0.049598,             0.09926,            0.013779,             0.00541,             0.00541,             0.00541
                 155,            0.017329,            0.014495,           0.0024625,             0.45028,             0.36825,              0.3734,             0.23161,            0.052725,             0.11336,            0.014873,             0.00538,             0.00538,             0.00538
                 156,            0.017823,            0.014905,           0.0024679,             0.76404,             0.63432,             0.67693,             0.46748,            0.043107,            0.089733,             0.01022,             0.00535,             0.00535,             0.00535
                 157,            0.017051,             0.01402,           0.0024275,              0.7593,             0.62399,             0.66822,             0.44744,            0.043919,            0.087504,            0.010699,             0.00532,             0.00532,             0.00532
                 158,            0.017219,            0.014371,           0.0024471,             0.73405,             0.48523,             0.56039,             0.34113,            0.048837,            0.099569,            0.013486,             0.00529,             0.00529,             0.00529
                 159,            0.017535,            0.014684,           0.0024507,             0.81308,             0.59423,             0.68041,             0.46529,            0.043399,            0.090158,            0.010238,             0.00526,             0.00526,             0.00526
                 160,             0.01722,            0.014371,           0.0024047,             0.68882,             0.51106,             0.54375,             0.34538,            0.048624,            0.097523,            0.013463,             0.00523,             0.00523,             0.00523
                 161,             0.01682,            0.013877,           0.0023768,             0.84243,             0.72452,             0.77798,             0.55702,            0.040304,            0.083111,           0.0083677,              0.0052,              0.0052,              0.0052
                 162,            0.017126,            0.014115,           0.0023436,             0.83777,             0.68056,             0.76224,             0.54101,            0.041126,            0.084958,           0.0087542,             0.00517,             0.00517,             0.00517
                 163,             0.01696,            0.013961,           0.0023423,             0.81501,             0.66325,             0.74064,             0.51515,            0.041669,            0.085071,           0.0095179,             0.00514,             0.00514,             0.00514
                 164,            0.016713,            0.013912,           0.0023398,             0.71176,             0.56192,             0.62407,             0.40548,            0.044951,            0.089725,            0.011922,             0.00511,             0.00511,             0.00511
                 165,            0.016952,            0.014273,           0.0023127,               0.775,             0.60396,             0.66326,             0.45204,            0.043251,            0.091949,            0.010307,             0.00508,             0.00508,             0.00508
                 166,             0.01663,            0.013809,           0.0022824,             0.73931,             0.55633,             0.60039,              0.3962,            0.047094,            0.093328,            0.012183,             0.00505,             0.00505,             0.00505
                 167,            0.016493,            0.013712,           0.0022756,             0.82834,             0.71317,             0.76943,             0.54659,            0.040329,            0.082632,            0.008541,             0.00502,             0.00502,             0.00502
                 168,            0.016723,            0.013761,           0.0022957,             0.79931,             0.58661,             0.65974,             0.45362,            0.043479,            0.092501,            0.010305,             0.00499,             0.00499,             0.00499
                 169,            0.016718,            0.013959,           0.0022339,             0.80249,              0.6593,             0.72226,             0.48575,            0.041756,             0.08413,            0.010038,             0.00496,             0.00496,             0.00496
                 170,              0.0164,            0.013566,            0.002214,             0.85974,             0.68683,             0.74992,             0.53816,            0.040945,            0.085964,            0.008618,             0.00493,             0.00493,             0.00493
                 171,            0.016491,            0.013576,           0.0021913,             0.73212,             0.60303,             0.65399,             0.42892,            0.045873,            0.093627,            0.011438,              0.0049,              0.0049,              0.0049
                 172,            0.016373,            0.013788,           0.0022261,             0.71971,             0.52526,             0.57879,             0.37834,            0.047848,            0.094988,            0.012357,             0.00487,             0.00487,             0.00487
                 173,            0.016178,            0.013583,           0.0021563,             0.88418,             0.75691,             0.81791,             0.59252,            0.038232,             0.07976,           0.0074572,             0.00484,             0.00484,             0.00484
                 174,            0.016108,            0.013677,           0.0021767,             0.82757,             0.66763,             0.74855,             0.52997,             0.04119,            0.087279,           0.0089175,             0.00481,             0.00481,             0.00481
                 175,            0.016127,            0.013584,           0.0021635,             0.58639,             0.47252,             0.47573,             0.30057,            0.049965,             0.10395,            0.014383,             0.00478,             0.00478,             0.00478
                 176,            0.016258,            0.013718,           0.0021727,             0.86501,             0.71451,             0.78225,             0.55733,            0.041121,            0.084898,           0.0083268,             0.00475,             0.00475,             0.00475
                 177,            0.016202,            0.013685,           0.0021457,             0.75153,             0.56992,             0.62357,             0.42262,            0.044197,            0.094952,            0.010907,             0.00472,             0.00472,             0.00472
                 178,            0.015894,            0.013002,           0.0020956,             0.58785,             0.42163,             0.44008,             0.27868,            0.051885,             0.11067,            0.015373,             0.00469,             0.00469,             0.00469
                 179,            0.015828,            0.013001,           0.0020864,             0.81209,             0.67282,             0.73369,             0.51352,            0.041683,             0.08816,           0.0093464,             0.00466,             0.00466,             0.00466
                 180,            0.016002,            0.013298,           0.0021369,              0.8019,             0.67548,             0.73516,             0.51787,            0.041553,            0.088071,            0.009195,             0.00463,             0.00463,             0.00463
                 181,            0.015903,            0.013344,           0.0021266,             0.77383,             0.61039,             0.65848,             0.44971,            0.043617,            0.092207,            0.010356,              0.0046,              0.0046,              0.0046
                 182,            0.015732,            0.013021,           0.0020934,             0.58432,             0.40191,             0.42802,             0.26501,            0.051115,             0.11126,            0.015127,             0.00457,             0.00457,             0.00457
                 183,            0.015625,            0.012985,           0.0020926,             0.85559,             0.70966,             0.77689,             0.56391,            0.039956,            0.084935,           0.0083533,             0.00454,             0.00454,             0.00454
                 184,            0.015696,            0.012859,           0.0020607,             0.83686,             0.68288,             0.74687,             0.53097,            0.041086,            0.086907,           0.0089363,             0.00451,             0.00451,             0.00451
                 185,             0.01554,            0.012801,           0.0020675,             0.87587,             0.71807,             0.78559,             0.55793,            0.040626,             0.08602,           0.0081476,             0.00448,             0.00448,             0.00448
                 186,             0.01554,            0.013035,           0.0020369,             0.83025,             0.72472,             0.76826,             0.55526,            0.040186,            0.085708,           0.0084264,             0.00445,             0.00445,             0.00445
                 187,            0.015418,              0.0129,           0.0020357,             0.74841,             0.64655,             0.68288,             0.46533,            0.043931,            0.090194,            0.010449,             0.00442,             0.00442,             0.00442
                 188,             0.01534,            0.012708,           0.0020116,             0.86419,             0.71111,             0.77269,             0.55056,             0.04099,            0.086596,           0.0082359,             0.00439,             0.00439,             0.00439
                 189,            0.015642,            0.013105,           0.0020579,             0.76771,             0.57939,             0.62899,             0.42372,             0.04642,            0.094538,             0.01138,             0.00436,             0.00436,             0.00436
                 190,            0.015007,            0.012399,           0.0019666,             0.86959,             0.73109,             0.79206,             0.58108,            0.039486,            0.084383,           0.0078934,             0.00433,             0.00433,             0.00433
                 191,             0.01543,            0.012784,            0.001983,             0.87205,             0.76382,             0.81431,             0.59407,            0.038794,            0.081402,           0.0075116,              0.0043,              0.0043,              0.0043
                 192,            0.015271,            0.012597,           0.0019921,                0.88,             0.73854,             0.79787,             0.58622,            0.039267,            0.083506,           0.0078267,             0.00427,             0.00427,             0.00427
                 193,            0.015095,            0.012423,            0.001977,             0.89059,             0.73599,             0.80061,             0.58194,            0.039196,            0.083575,           0.0076879,             0.00424,             0.00424,             0.00424
                 194,            0.014981,            0.012457,           0.0019415,             0.81848,              0.6065,              0.6933,             0.47157,             0.04411,            0.092135,            0.010035,             0.00421,             0.00421,             0.00421
                 195,            0.014806,            0.012251,           0.0019317,             0.83345,             0.67924,             0.74773,             0.53533,            0.041115,            0.088284,           0.0088235,             0.00418,             0.00418,             0.00418
                 196,            0.014672,            0.012092,           0.0019371,             0.77701,             0.70883,             0.74305,             0.52608,             0.04125,            0.089476,           0.0090274,             0.00415,             0.00415,             0.00415
                 197,             0.01476,            0.012451,           0.0019427,             0.76562,             0.56884,             0.61676,             0.41422,             0.04654,            0.096323,            0.011539,             0.00412,             0.00412,             0.00412
                 198,            0.014965,            0.012379,           0.0019315,             0.87022,             0.72153,             0.79325,             0.57915,            0.039358,            0.084897,           0.0078043,             0.00409,             0.00409,             0.00409
                 199,            0.014688,            0.012268,            0.001904,              0.8626,             0.70134,             0.76785,             0.54799,             0.04123,            0.087062,           0.0085217,             0.00406,             0.00406,             0.00406
                 200,            0.014668,            0.012186,           0.0019021,             0.80066,             0.62189,             0.69026,             0.47561,            0.043439,            0.090675,            0.010053,             0.00403,             0.00403,             0.00403
                 201,            0.014334,            0.011639,           0.0018669,             0.86152,             0.74862,             0.79131,             0.58298,            0.039384,            0.085258,           0.0078777,               0.004,               0.004,               0.004
                 202,            0.014547,            0.012013,           0.0018997,              0.7646,             0.58003,             0.63201,             0.42797,            0.045486,            0.095167,            0.011064,             0.00397,             0.00397,             0.00397
                 203,            0.014415,            0.011882,           0.0018578,             0.86499,              0.7157,             0.77975,             0.55952,              0.0399,            0.085597,           0.0082663,             0.00394,             0.00394,             0.00394
                 204,            0.014537,            0.011917,           0.0018799,             0.79624,             0.63931,             0.72201,             0.50478,            0.041317,             0.09028,            0.009461,             0.00391,             0.00391,             0.00391
                 205,            0.014532,            0.012111,           0.0018841,              0.8791,             0.71228,             0.77758,             0.56179,            0.040096,            0.086925,           0.0083028,             0.00388,             0.00388,             0.00388
                 206,            0.014299,            0.011884,           0.0018806,             0.87741,             0.73604,             0.79716,             0.57835,            0.039243,            0.084686,           0.0078579,             0.00385,             0.00385,             0.00385
                 207,            0.014361,            0.011934,            0.001859,             0.85117,             0.74504,             0.78917,             0.57605,            0.039518,            0.084751,           0.0078517,             0.00382,             0.00382,             0.00382
                 208,            0.014407,             0.01213,           0.0018039,             0.79926,              0.6149,             0.70441,             0.47836,            0.042864,            0.090235,            0.010478,             0.00379,             0.00379,             0.00379
                 209,            0.014256,            0.011683,           0.0018432,              0.8602,             0.73109,              0.7834,             0.57179,            0.039633,            0.086065,           0.0080281,             0.00376,             0.00376,             0.00376
                 210,            0.014045,            0.011759,           0.0018149,             0.86109,               0.717,             0.77464,             0.56103,            0.040132,            0.085619,           0.0080219,             0.00373,             0.00373,             0.00373
                 211,            0.014095,            0.011897,           0.0018188,             0.81473,             0.66074,             0.73767,             0.51313,            0.041633,            0.089111,           0.0093119,              0.0037,              0.0037,              0.0037
                 212,             0.01374,            0.011442,           0.0017857,             0.77884,             0.52283,             0.60181,             0.39357,             0.04564,            0.095625,              0.0125,             0.00367,             0.00367,             0.00367
                 213,            0.014069,            0.011855,           0.0018413,             0.68087,             0.52034,             0.56064,              0.3741,             0.04577,              0.1018,            0.011634,             0.00364,             0.00364,             0.00364
                 214,            0.014012,            0.011765,           0.0017903,             0.84035,             0.70465,             0.77501,             0.54847,            0.039417,            0.085018,           0.0081687,             0.00361,             0.00361,             0.00361
                 215,            0.014003,            0.011515,           0.0018123,             0.83404,             0.68169,              0.7354,             0.51947,            0.041573,            0.089788,           0.0087583,             0.00358,             0.00358,             0.00358
                 216,            0.014041,            0.011712,           0.0017732,             0.85959,             0.71261,             0.77208,              0.5557,            0.040053,             0.08738,           0.0082117,             0.00355,             0.00355,             0.00355
                 217,             0.01402,            0.011665,           0.0017843,             0.72684,             0.56852,              0.6057,             0.40367,            0.046402,            0.096279,            0.011819,             0.00352,             0.00352,             0.00352
                 218,            0.013643,            0.011323,           0.0017273,             0.88438,             0.72506,             0.79998,             0.58238,            0.038477,            0.083406,           0.0075852,             0.00349,             0.00349,             0.00349
                 219,            0.013822,            0.011254,           0.0017352,             0.80781,             0.67865,              0.7415,             0.50804,            0.042851,            0.090839,           0.0093313,             0.00346,             0.00346,             0.00346
                 220,            0.013557,            0.011359,           0.0017244,             0.86145,             0.73525,             0.79276,             0.57836,            0.039308,            0.085782,           0.0077734,             0.00343,             0.00343,             0.00343
                 221,            0.013617,            0.011384,           0.0017173,             0.86359,             0.73338,             0.78605,              0.5671,            0.039754,            0.086716,           0.0079941,              0.0034,              0.0034,              0.0034
                 222,            0.013546,            0.011101,           0.0017186,             0.78265,             0.55505,             0.61771,             0.41209,            0.046211,            0.096631,            0.011868,             0.00337,             0.00337,             0.00337
                 223,            0.013371,            0.010917,           0.0017111,             0.84365,             0.68986,             0.75604,             0.52691,            0.041678,            0.089866,           0.0088953,             0.00334,             0.00334,             0.00334
                 224,            0.013557,            0.011237,           0.0016984,              0.8536,             0.71123,             0.77013,              0.5589,            0.040142,             0.08791,             0.00829,             0.00331,             0.00331,             0.00331
                 225,            0.013573,            0.011337,           0.0016954,             0.88254,              0.7402,             0.80125,             0.59124,            0.038913,            0.085098,           0.0075885,             0.00328,             0.00328,             0.00328
                 226,            0.013398,             0.01101,            0.001686,             0.72471,             0.57864,             0.63155,             0.41931,            0.044581,            0.093917,            0.011885,             0.00325,             0.00325,             0.00325
                 227,            0.013139,            0.010894,           0.0016521,             0.88113,             0.73344,              0.7966,             0.58615,            0.039122,            0.086159,           0.0076519,             0.00322,             0.00322,             0.00322
                 228,            0.013419,            0.011197,           0.0016926,             0.83663,             0.65129,             0.72125,             0.51098,             0.04197,            0.091522,            0.009254,             0.00319,             0.00319,             0.00319
                 229,              0.0131,            0.010845,           0.0016657,             0.75137,             0.58682,             0.65521,             0.43589,            0.043527,            0.091524,            0.011337,             0.00316,             0.00316,             0.00316
                 230,            0.012995,            0.010829,            0.001658,              0.8861,             0.70628,             0.78574,              0.5585,            0.040705,            0.088687,           0.0081313,             0.00313,             0.00313,             0.00313
                 231,            0.013136,             0.01072,           0.0016784,             0.88948,             0.73157,             0.80003,             0.58967,            0.038712,            0.084776,           0.0075159,              0.0031,              0.0031,              0.0031
                 232,            0.012807,            0.010523,           0.0016252,             0.87749,             0.68772,             0.76091,             0.55329,            0.040292,            0.088668,           0.0082573,             0.00307,             0.00307,             0.00307
                 233,            0.012882,             0.01057,           0.0016337,              0.9055,             0.72984,             0.80677,              0.5885,            0.038761,            0.085357,           0.0073535,             0.00304,             0.00304,             0.00304
                 234,            0.013032,            0.010723,            0.001634,             0.82196,             0.70089,             0.76803,             0.56182,            0.039074,            0.087471,             0.00787,             0.00301,             0.00301,             0.00301
                 235,            0.012702,            0.010341,           0.0016319,             0.74272,             0.63341,             0.67311,             0.45766,            0.043454,            0.094001,            0.010602,             0.00298,             0.00298,             0.00298
                 236,            0.012611,            0.010239,           0.0016179,             0.89684,              0.7361,             0.80949,              0.5923,            0.038149,            0.084925,           0.0073591,             0.00295,             0.00295,             0.00295
                 237,            0.012757,             0.01037,           0.0016183,             0.83888,             0.73305,              0.7812,             0.57063,            0.039782,            0.087913,           0.0080971,             0.00292,             0.00292,             0.00292
                 238,             0.01258,            0.010209,            0.001605,             0.86763,             0.74559,             0.79797,             0.58813,            0.039205,            0.086713,           0.0076334,             0.00289,             0.00289,             0.00289
                 239,            0.011984,           0.0097026,           0.0015708,              0.8041,             0.67294,               0.744,             0.52424,            0.040738,            0.090348,           0.0090537,             0.00286,             0.00286,             0.00286
                 240,            0.012602,            0.010285,           0.0015959,             0.87152,              0.7593,             0.80415,             0.58827,            0.038926,            0.086683,           0.0074055,             0.00283,             0.00283,             0.00283
                 241,            0.012404,            0.010187,           0.0015826,             0.89519,             0.72692,             0.79868,             0.58628,            0.039048,            0.086232,           0.0076364,              0.0028,              0.0028,              0.0028
                 242,            0.012375,            0.010023,           0.0015695,             0.89337,             0.74931,             0.81196,             0.59927,            0.038213,            0.084925,           0.0071781,             0.00277,             0.00277,             0.00277
                 243,            0.012269,            0.010192,           0.0015663,             0.79291,             0.66948,             0.73394,             0.51256,            0.041557,            0.090797,           0.0092337,             0.00274,             0.00274,             0.00274
                 244,            0.012333,            0.010038,           0.0015593,             0.89333,             0.75811,             0.81904,             0.60374,            0.038177,            0.085125,           0.0071253,             0.00271,             0.00271,             0.00271
                 245,            0.012274,            0.010112,           0.0015768,             0.86807,             0.73056,              0.7926,             0.57898,            0.039341,            0.088181,           0.0077835,             0.00268,             0.00268,             0.00268
                 246,            0.012415,             0.01012,           0.0015839,             0.88837,             0.72069,             0.80048,             0.58344,            0.038542,            0.085386,           0.0074732,             0.00265,             0.00265,             0.00265
                 247,            0.012251,            0.010165,            0.001563,             0.82654,             0.70856,             0.75984,             0.55049,            0.040479,            0.089729,           0.0084509,             0.00262,             0.00262,             0.00262
                 248,            0.012113,             0.00991,           0.0015293,             0.86957,             0.73548,             0.79293,             0.58168,            0.038478,            0.086288,           0.0075484,             0.00259,             0.00259,             0.00259
                 249,            0.011996,           0.0097388,           0.0015212,             0.86445,             0.75108,             0.80508,             0.59092,            0.038956,            0.087281,           0.0075188,             0.00256,             0.00256,             0.00256
                 250,            0.012205,           0.0099184,           0.0015493,             0.81493,             0.71522,             0.76661,             0.54783,            0.040605,            0.088362,           0.0086716,             0.00253,             0.00253,             0.00253
                 251,            0.011672,           0.0094883,           0.0014909,             0.87732,             0.75014,             0.80677,             0.59538,            0.038732,            0.086514,           0.0075268,              0.0025,              0.0025,              0.0025
                 252,            0.011909,           0.0097922,           0.0015036,             0.86473,             0.72388,              0.7825,             0.57334,            0.039616,            0.089127,           0.0080173,             0.00247,             0.00247,             0.00247
                 253,            0.011969,             0.01005,           0.0015472,             0.88629,             0.75232,             0.80502,             0.59686,            0.038721,            0.086705,           0.0074407,             0.00244,             0.00244,             0.00244
                 254,            0.011804,           0.0095714,            0.001499,             0.82749,             0.70665,              0.7651,             0.54715,            0.040117,            0.088698,           0.0084759,             0.00241,             0.00241,             0.00241
                 255,            0.011926,           0.0096911,           0.0015063,             0.83263,             0.71786,             0.77951,             0.56407,            0.039057,            0.088372,           0.0078844,             0.00238,             0.00238,             0.00238
                 256,            0.011845,            0.010202,           0.0015408,             0.86584,              0.7414,             0.80059,             0.58983,            0.038949,            0.087498,           0.0075811,             0.00235,             0.00235,             0.00235
                 257,            0.011613,           0.0094918,           0.0014844,             0.90145,             0.74375,             0.81312,             0.59854,            0.038091,            0.085504,            0.007166,             0.00232,             0.00232,             0.00232
                 258,            0.011822,           0.0095707,           0.0014906,             0.74996,             0.62689,             0.68936,             0.47064,            0.043071,            0.094508,            0.010383,             0.00229,             0.00229,             0.00229
                 259,            0.011212,           0.0090504,           0.0014689,             0.87952,             0.74912,             0.80988,             0.59605,            0.037946,            0.086092,           0.0072147,             0.00226,             0.00226,             0.00226
                 260,            0.011347,           0.0090384,           0.0014729,             0.78596,             0.64474,             0.71252,             0.49215,             0.04188,            0.093569,            0.009934,             0.00223,             0.00223,             0.00223
                 261,            0.011583,           0.0094199,            0.001448,             0.88505,             0.74582,             0.80729,             0.59052,            0.038748,            0.087567,           0.0074595,              0.0022,              0.0022,              0.0022
                 262,            0.011656,           0.0096274,           0.0015008,             0.87469,             0.74798,             0.80589,             0.59095,            0.038842,            0.087768,           0.0074523,             0.00217,             0.00217,             0.00217
                 263,            0.011247,           0.0091482,           0.0014256,             0.88659,             0.75499,             0.81237,              0.6008,            0.038396,            0.086799,           0.0072481,             0.00214,             0.00214,             0.00214
                 264,            0.011299,           0.0090838,           0.0014363,             0.89909,             0.75177,             0.82364,             0.60528,            0.038009,            0.086016,           0.0071068,             0.00211,             0.00211,             0.00211
                 265,            0.011138,           0.0089685,           0.0014201,             0.88635,             0.76747,             0.82201,              0.6059,            0.037919,            0.086106,           0.0070506,             0.00208,             0.00208,             0.00208
                 266,            0.011052,           0.0088055,           0.0014317,             0.87263,             0.69227,             0.76436,             0.55551,            0.040241,            0.091581,           0.0083286,             0.00205,             0.00205,             0.00205
                 267,            0.011065,            0.008862,           0.0014327,             0.88066,             0.76708,             0.81784,             0.60082,            0.038155,            0.086771,           0.0071197,             0.00202,             0.00202,             0.00202
                 268,            0.011232,           0.0089922,           0.0014501,             0.79318,              0.6862,             0.73782,             0.51647,            0.041256,            0.092696,           0.0092728,             0.00199,             0.00199,             0.00199
                 269,            0.010776,           0.0086863,           0.0013893,             0.83447,              0.6919,             0.76097,             0.54741,            0.039744,            0.090847,           0.0084893,             0.00196,             0.00196,             0.00196
                 270,            0.010793,           0.0086541,           0.0014046,             0.89735,             0.74996,             0.81427,             0.60032,            0.038478,            0.087989,           0.0073311,             0.00193,             0.00193,             0.00193
                 271,            0.011029,           0.0090071,           0.0013874,             0.78669,             0.64284,             0.71987,             0.50148,            0.041659,             0.09619,           0.0097391,              0.0019,              0.0019,              0.0019
                 272,            0.010986,           0.0088061,            0.001395,             0.89173,             0.74456,             0.81101,             0.59468,            0.037973,            0.087771,           0.0072265,             0.00187,             0.00187,             0.00187
                 273,            0.010594,           0.0084897,           0.0013573,             0.87822,             0.76048,             0.81841,             0.60229,            0.037959,            0.087507,           0.0071266,             0.00184,             0.00184,             0.00184
                 274,            0.010753,           0.0086271,           0.0013645,             0.88408,             0.74446,             0.80883,             0.59891,            0.038551,            0.088132,           0.0073535,             0.00181,             0.00181,             0.00181
                 275,            0.010602,           0.0085036,           0.0013844,             0.87894,             0.75322,             0.81499,             0.59941,            0.037945,            0.087671,           0.0071233,             0.00178,             0.00178,             0.00178
